<?xml version="1.0" encoding="utf-8"?>
<APPVISU xmlns="http://www.br-automation.com/APP" Version="1.0">
  <!-- Welcher Typ, welche Variante -->
  <Module Type="Camera" Variant="0">
    <!-- Welche Content Elemente, Mindest-User-Level für die Anzeige -->
    <!-- Tacho -->
    <Content ID="1" Type="Speedo" MinUserLevel="10">
      <!-- Daten für die Übertragung, Richtung, Datengröße -->
      <Channel Address="0x00072002" Direction="Output" Type="UDINT" />      
      <!-- Parameter des Content Elements -->
      <Parameter ID="Description" Value="Geschwindigkeit" />
      <Parameter ID="Unit" Value="mm/s" />
      <Parameter ID="Minimum" Value="0" />
      <Parameter ID="Maximum" Value="100" />
      <Parameter ID="Sections" Value="3" BackgroundColor="0x555555">
        <Parameter ID="Section1" Length="33" Color="0x00FF00" />
        <Parameter ID="Section2" Length="33" Color="0x0000FF" />
        <Parameter ID="Section3" Length="34" Color="0xFF0000" />
      </Parameter>
    </Content>
    <!-- Ausgabe Beschreibung mit Variable (Text) -->
    <Content ID="2" Type="Output" MinUserLevel="0">
      <Parameter ID="Description" Value="Modus:" />
      <Channel Address="0x00074002" Direction="Output" Type="OCTET[16]" />
    </Content>
    <!-- Ausgabe Beschreibung mit Variable (Zahl) -->
    <Content ID="3" Type="Output" MinUserLevel="0">
      <Parameter ID="Description" Value="Temperatur:" />
      <Channel Address="0x00070002" Direction="Output" Type="UDINT" />
      <Parameter ID="Unit" Value="[°C]" />
    </Content>
    <!-- Ausgabe Beschreibung -->
    <Content ID="4" Type="Text" MinUserLevel="0">
      <Parameter ID="Description" Value="Das ist eine Überschrift" />
    </Content>
    <!-- Eingabe Beschreibung mit Variable (Text) -->
    <Content ID="5" Type="Input" MinUserLevel="0">
      <Parameter ID="Description" Value="Modus:" />
      <Channel Address="0x00078002" Direction="Input" Type="OCTET[6]" />
    </Content>
    <!-- Eingabe Beschreibung mit Variable (Zahl) -->
    <Content ID="6" Type="Input" MinUserLevel="0">
      <Parameter ID="Description" Value="Faktor:" />
      <Channel Address="0x00010002" Direction="Input" Type="UDINT" />
      <Parameter ID="Unit" Value="" />
    </Content>
  </Module>
</APPVISU>

