<?xml version="1.0" encoding="UTF-8"?>
<configuration>
	
	<service uuid="1800">
		<description>Generic Access Profile</description>
		
		<characteristic uuid="2a00">
			<properties read="true" const="true"/>
			<value>iBeacon Demo</value>
		</characteristic>
		
		<characteristic uuid="2a01">
			<properties read="true" const="true"/>
			<value type="hex">0200</value>
		</characteristic>
	</service>
	
	<service uuid="180a">
		<description>Device Information</description>
		
		<characteristic uuid="2a29">
			<properties read="true" const="true" />
			<value>Bluegiga BLED112</value>
		</characteristic>
		
		<characteristic uuid="2a24">
			<properties read="true" const="true" />
			<value>112</value>
		</characteristic>
		
		<characteristic uuid="2a26">
			<properties read="true" const="true" />
			<value>1.2.2</value>
		</characteristic>
		
		<characteristic uuid="2a27">
			<properties read="true" const="true" />
			<value>1.0</value>
		</characteristic>
	</service>
</configuration>
