<?xml version="1.0" encoding="UTF-8" ?>
<configuration>

    <service uuid="1800">
      <description>Generic Access Profile</description>

      <characteristic uuid="2a00">
        <properties read="true" const="true" />
        <value>Bluegiga Find Me</value>
      </characteristic>

      <characteristic uuid="2a01">
        <properties read="true" const="true" />
        <value type="hex">0002</value>
      </characteristic>
    </service>
    
    <service uuid="1802" advertise="true" >
        <description>Immediate Alert Service</description>
        <characteristic uuid="2a06">
            <properties write_no_response="true" />
            <value length="1" />
        </characteristic>
    </service>
    
</configuration>
